<?xml version="1.0" encoding="UTF-8"?>
<!DOCTYPE mapper
  PUBLIC "-//mybatis.org//DTD Mapper 3.0//EN"
  "http://mybatis.org/dtd/mybatis-3-mapper.dtd"><!-- mapper태그에 dtd를정의했기에 mapper의 태그이름을 바꾸면 안된다 -->
<mapper namespace="kr.dao.BoardMapper"> <!-- 패키지이름 + 파일이름 경로가 아닌 이름이기에 /가 아닌 .을 붙인 것 -->
  
  <!--  게시판 전체 리스트를 가져오는 SQL -->
  <!-- 해당 SQL을 메소드와 연결해서 처리. id : 메소드명, resulttype : return, parameter type : 매개변수 -->
  <select id = "allList" resultType = "kr.entity.Board"><!-- id : DAO의 메소드이름 -->
    select * from TBL_COMMUNITY
  </select>
  <insert id = "boardWrite" parameterType="kr.entity.Board"> <!-- id는 dao의 메소드명 -->
    <!-- INSERT INTO TBL_COMMUNITY values(TBL_COMMUNITY_SEQ.nextval, #{comm_title}, #{comm_content}, sysdate,'작성자',6) -->
    INSERT INTO tbl_community (comm_seq,comm_title, comm_content, comm_date, mb_id, comm_cnt) VALUES 
    (TBL_COMMUNITY_SEQ.nextval,#{comm_title}, #{comm_content}, sysdate, 'mb_id 01', 0)
    <!-- values엔 vo에 들어가있는 값이 들어간다 -->
  </insert>
  <select id = "boardView" parameterType = "int" resultType = "kr.entity.Board"> 
    select * from TBL_COMMUNITY where COMM_SEQ = #{COMM_SEQ}
  </select>
  <update id = "boardUpdate" parameterType = "kr.entity.Board">
    UPDATE TBL_COMMUNITY SET COMM_TITLE = #{comm_title}, COMM_CONTENT = #{comm_content} where COMM_SEQ = #{comm_seq}
  </update>
  <delete id = "boardDelete" parameterType = "int">
    Delete from TBL_COMMUNITY where COMM_SEQ = #{comm_seq}
  </delete>
  <update id = "countUpdate" parameterType="int">
    update TBL_COMMUNITY set comm_cnt=comm_cnt + 1 where COMM_SEQ = #{comm_seq}
  </update>
  <select id="topList" resultType="kr.entity.Board">
		SELECT * from tbl_community order by comm_cnt desc
  </select>
</mapper>